{"guglielmo": {"elo": 1424, "isActive": true, "num_games": 51, "last_played": "1692916552", "multiplier": 51.715761414281324}, "emanuele": {"elo": 1225, "isActive": false, "num_games": 3, "last_played": 1630688082, "multiplier": 91.08752089041973}, "francesco": {"elo": 1172, "isActive": true, "num_games": 48, "last_played": "1692964495", "multiplier": 42.17254493786133}, "diego": {"elo": 1104, "isActive": true, "num_games": 56, "last_played": "1692917052", "multiplier": 45.22933431005158}, "gabriele": {"elo": 1097, "isActive": true, "num_games": 11, "last_played": "1692471196", "multiplier": 107.77868614925524}, "marco": {"elo": 1082, "isActive": true, "num_games": 8, "last_played": 1629910740, "multiplier": 48.965556205176185}, "simone": {"elo": 1057, "isActive": true, "num_games": 7, "last_played": "1691592979", "multiplier": 129.9603834169977}, "saverio": {"elo": 1018, "isActive": true, "num_games": 10, "last_played": "1692916191", "multiplier": 91.07152232599023}, "dario": {"elo": 1012, "isActive": true, "num_games": 100, "last_played": "1692964495", "multiplier": 40.39395199730662}, "carlo": {"elo": 1006, "isActive": true, "num_games": 5, "last_played": "1692469588", "multiplier": 78.26135017412987}, "lavinia": {"elo": 966, "isActive": true, "num_games": 9, "last_played": 1630688082, "multiplier": 46.371927764750424}, "alice": {"elo": 950, "isActive": true, "num_games": 7, "last_played": 1630687438, "multiplier": 57.04907925427502}, "roberto": {"elo": 905, "isActive": true, "num_games": 43, "last_played": "1692917390", "multiplier": 59.16972020127244}, "maria": {"elo": 887, "isActive": true, "num_games": 6, "last_played": 1629908889, "multiplier": 60.40726314663193}, "flavio cb": {"elo": 879, "num_games": 4, "isActive": true, "last_played": "1692550068", "multiplier": 78.26135017412987}, "valerio": {"elo": 838, "num_games": 2, "isActive": true, "last_played": "1692311920", "multiplier": 107.77868614925524}, "leonardo": {"elo": 811, "isActive": true, "num_games": 9, "last_played": "1691592979", "multiplier": 91.07152232599023}, "sihalebe": {"elo": 746, "isActive": true, "num_games": 11, "last_played": "1690664982", "multiplier": 129.9603834169977}, "anita": {"elo": 697, "isActive": true, "num_games": 10, "last_played": 1629907966, "multiplier": 41.74552042582199}}