{"guglielmo": {"elo": 1174, "num_games": 3, "last_played": "1629591426", "multiplier": 91.07285662443239}, "roberto": {"elo": 1069, "num_games": 3, "last_played": "1629591438", "multiplier": 91.07222505135533}, "francesco": {"elo": 1036, "num_games": 3, "last_played": "1629591438", "multiplier": 91.07152232599023}, "diego": {"elo": 997, "num_games": 6, "last_played": "1654360712", "multiplier": 78.26135017412987}, "dario": {"elo": 976, "num_games": 5, "last_played": "1629591426", "multiplier": 68.28107697772417}, "anita": {"elo": 705, "num_games": 8, "last_played": "1654360712", "multiplier": 78.26135017412987}}