{"guglielmo": {"elo": 1231, "num_games": 5, "last_played": 1629615983, "multiplier": 68.37704812768085}, "roberto": {"elo": 1061, "num_games": 5, "last_played": 1629591613, "multiplier": 68.28168933613476}, "francesco": {"elo": 1054, "num_games": 5, "last_played": 1629615983, "multiplier": 68.37700876539463}, "diego": {"elo": 969, "num_games": 4, "last_played": 1629591569, "multiplier": 78.26338318811733}, "dario": {"elo": 871, "num_games": 6, "last_played": 1629591613, "multiplier": 60.391944537620965}, "anita": {"elo": 815, "num_games": 3, "last_played": 1629591475, "multiplier": 91.0722250785871}}